,A,B,C,D
0,-1.4163802074145992,0.08067951681076557,-0.15909867465017724,0.030575220061789355
1,2.238605404837263,0.711450257738916,0.2438253141341841,0.1423396752376336
2,-1.2879634752316023,0.20749876766630945,-1.7520811055022523,-2.025902896613069
3,-0.4848334914414873,-0.6659852096370547,-2.427214760886843,-0.036988054593673006
4,-0.7872987151572454,-0.17654217117465903,-0.05121384060035919,-0.3468978481198388
5,-0.6882489577663592,0.5940984523809971,-0.916209022189991,-1.0680840320333236
6,1.647652362731025,0.0118909145809222,0.24991530536459874,0.7978952919806692
7,-0.6779819295167928,0.7888262388659718,-1.086405933464451,1.1566685146549942
8,-1.05586190166179,1.5704281595198872,0.487088966256837,1.1702411940070228
9,-0.9040641371302655,0.34116536321823526,-0.7704542388020148,-0.005599583991867974
